{"cameraMode":{"drawMode":0,"name":"Shaded","section":"Shading Mode"},"sceneLighting":false,"audioPlay":false,"sceneViewState":{"showFog":true,"showMaterialUpdate":false,"showSkybox":false,"showFlares":true,"showImageEffects":true,"showParticleSystems":true},"in2DMode":false,"pivot":{"x":-0.047653794288635257,"y":0.6911311149597168,"z":-0.2206365466117859},"rotation":{"x":-0.13587665557861329,"y":0.8089002370834351,"z":-0.20595110952854157,"w":-0.5336715579032898},"size":2.130841016769409,"orthographic":false}